{
  "properties": {
    "connectionReferences": {
      "shared_microsoftforms": {
        "runtimeSource": "embedded",
        "connection": {
          "connectionReferenceLogicalName": "blk_sharedmicrosoftforms_4741d"
        },
        "api": {
          "name": "shared_microsoftforms"
        }
      },
      "shared_office365": {
        "runtimeSource": "embedded",
        "connection": {
          "connectionReferenceLogicalName": "blk_sharedoffice365_56035"
        },
        "api": {
          "name": "shared_office365"
        }
      }
    },
    "definition": {
      "$schema": "https://schema.management.azure.com/providers/Microsoft.Logic/schemas/2016-06-01/workflowdefinition.json#",
      "contentVersion": "1.0.0.0",
      "parameters": {
        "$connections": {
          "defaultValue": {},
          "type": "Object"
        },
        "$authentication": {
          "defaultValue": {},
          "type": "SecureObject"
        }
      },
      "triggers": {
        "When_a_new_response_is_submitted": {
          "splitOn": "@triggerOutputs()?['body/value']",
          "metadata": {
            "operationMetadataId": "940d0ce9-cf73-4e1b-a82d-ae58e79b7cdf"
          },
          "type": "OpenApiConnectionWebhook",
          "inputs": {
            "host": {
              "apiId": "/providers/Microsoft.PowerApps/apis/shared_microsoftforms",
              "connectionName": "shared_microsoftforms",
              "operationId": "CreateFormWebhook"
            },
            "parameters": {
              "form_id": "jKIlZdtjH0iG_BIli_t5qeitjzmq2g9DkK3Aci3QyAJUNklBNTNLSkwzQjQ0NjhHUjRZSTBJNU03Ri4u"
            },
            "authentication": "@parameters('$authentication')"
          }
        }
      },
      "actions": {
        "Get_response_details": {
          "runAfter": {},
          "metadata": {
            "operationMetadataId": "7477f151-0273-4731-933f-d0ac851ebf9b"
          },
          "type": "OpenApiConnection",
          "inputs": {
            "host": {
              "apiId": "/providers/Microsoft.PowerApps/apis/shared_microsoftforms",
              "connectionName": "shared_microsoftforms",
              "operationId": "GetFormResponseById"
            },
            "parameters": {
              "form_id": "jKIlZdtjH0iG_BIli_t5qeitjzmq2g9DkK3Aci3QyAJUNklBNTNLSkwzQjQ0NjhHUjRZSTBJNU03Ri4u",
              "response_id": "@triggerOutputs()?['body/resourceData/responseId']"
            },
            "authentication": "@parameters('$authentication')"
          }
        },
        "Event_ID": {
          "runAfter": {
            "Get_response_details": [
              "Succeeded"
            ]
          },
          "metadata": {
            "operationMetadataId": "7b8ce066-637a-43cb-9eb0-595e094af041"
          },
          "type": "Compose",
          "inputs": "AQMkADFjNDhiNDAzLTQ5NWEtNGQ5NS04ZDg3LTcyOWUxNzE4MWZlYgBGAAADQLMEH-QB7EqfsQ1Di58LjQcAjK6zyazTLkOCTLNWKGnc4wAAAgENAAAAjK6zyazTLkOCTLNWKGnc4wABLHtvegAAAA=="
        },
        "New_Attendee_Email": {
          "runAfter": {
            "Get_Attendees": [
              "Succeeded"
            ]
          },
          "metadata": {
            "operationMetadataId": "dc730c3f-332b-4782-824a-694fe9b5442d"
          },
          "type": "Compose",
          "inputs": [
            {
              "type": "required",
              "emailAddress": {
                "address": "@{outputs('Get_response_details')?['body/r1b575dfba3444f92a8d1cebb1b6dba25']}"
              }
            }
          ]
        },
        "Attendee_Object": {
          "runAfter": {
            "New_Attendee_Email": [
              "Succeeded"
            ]
          },
          "metadata": {
            "operationMetadataId": "25efb36a-3404-4a03-b5c0-1b7d2089eb86"
          },
          "type": "Compose",
          "inputs": {
            "Attendees": "@union(outputs('Get_Attendees')?['body']?['attendees'], outputs('New_Attendee_Email'))"
          },
          "description": "union(outputs('get_Attendees')?['body']?['attendees'], outputs('New_Attendee_Email'))"
        },
        "Send_an_HTTP_request": {
          "runAfter": {
            "Event_ID": [
              "Succeeded"
            ]
          },
          "metadata": {
            "operationMetadataId": "8d030ec2-1bf3-4148-b491-9e2b5e81381b"
          },
          "type": "OpenApiConnection",
          "inputs": {
            "host": {
              "apiId": "/providers/Microsoft.PowerApps/apis/shared_office365",
              "connectionName": "shared_office365",
              "operationId": "HttpRequest"
            },
            "parameters": {
              "Uri": "https://graph.microsoft.com/v1.0/me/events/@{outputs('Event_ID')}",
              "Method": "PATCH",
              "Body": "{\"hideAttendees\": true}",
              "ContentType": "application/json"
            },
            "authentication": "@parameters('$authentication')"
          }
        },
        "Get_Attendees": {
          "runAfter": {
            "Send_an_HTTP_request": [
              "Succeeded"
            ]
          },
          "metadata": {
            "operationMetadataId": "732a78e8-eb7f-4ad0-ad70-efa385d8e195"
          },
          "type": "OpenApiConnection",
          "inputs": {
            "host": {
              "apiId": "/providers/Microsoft.PowerApps/apis/shared_office365",
              "connectionName": "shared_office365",
              "operationId": "HttpRequest"
            },
            "parameters": {
              "Uri": "https://graph.microsoft.com/v1.0/me/events/@{outputs('Event_ID')}?$select=subject,body,bodyPreview,organizer,attendees,start,end,location,hideAttendees",
              "Method": "GET",
              "ContentType": "application/json"
            },
            "authentication": "@parameters('$authentication')"
          }
        },
        "Add_new_Attendee_to_event": {
          "runAfter": {
            "Attendee_Object": [
              "Succeeded"
            ]
          },
          "metadata": {
            "operationMetadataId": "310a5b25-895f-475a-90f7-4708d241dd67"
          },
          "type": "OpenApiConnection",
          "inputs": {
            "host": {
              "apiId": "/providers/Microsoft.PowerApps/apis/shared_office365",
              "connectionName": "shared_office365",
              "operationId": "HttpRequest"
            },
            "parameters": {
              "Uri": "https://graph.microsoft.com/v1.0/me/events/@{outputs('Event_ID')}",
              "Method": "PATCH",
              "Body": "@outputs('Attendee_Object')",
              "ContentType": "application/json"
            },
            "authentication": "@parameters('$authentication')"
          }
        }
      }
    },
    "templateName": null
  },
  "schemaVersion": "1.0.0.0"
}