{
  "properties": {
    "connectionReferences": {
      "shared_office365": {
        "runtimeSource": "invoker",
        "connection": {
          "connectionReferenceLogicalName": "blk_sharedoffice365_56035"
        },
        "api": {
          "name": "shared_office365"
        }
      }
    },
    "definition": {
      "$schema": "https://schema.management.azure.com/providers/Microsoft.Logic/schemas/2016-06-01/workflowdefinition.json#",
      "contentVersion": "1.0.0.0",
      "parameters": {
        "$connections": {
          "defaultValue": {},
          "type": "Object"
        },
        "$authentication": {
          "defaultValue": {},
          "type": "SecureObject"
        }
      },
      "triggers": {
        "manual": {
          "metadata": {
            "operationMetadataId": "20a86593-e54f-4aad-a41a-508ce9e21010"
          },
          "type": "Request",
          "kind": "Button",
          "inputs": {
            "schema": {
              "type": "object",
              "properties": {},
              "required": []
            }
          }
        }
      },
      "actions": {
        "Create_event_(V4)": {
          "runAfter": {},
          "metadata": {
            "operationMetadataId": "3358bd96-88be-4671-82fc-d2d88208b3a2"
          },
          "type": "OpenApiConnection",
          "inputs": {
            "host": {
              "apiId": "/providers/Microsoft.PowerApps/apis/shared_office365",
              "connectionName": "shared_office365",
              "operationId": "V4CalendarPostItem"
            },
            "parameters": {
              "table": "AQMkADFjNDhiNDAzLTQ5NWEtNGQ5NS04ZDg3LTcyOWUxNzE4MWZlYgBGAAADQLMEH-QB7EqfsQ1Di58LjQcAjK6zyazTLkOCTLNWKGnc4wAAAgEGAAAAjK6zyazTLkOCTLNWKGnc4wAAAWkeHAAAAA==",
              "item/subject": "Shearwater x Nexus Microsoft Power Apps Fundamentals Training Registration",
              "item/start": "2024-03-15T16:00:00",
              "item/end": "2024-03-15T20:00:00",
              "item/timeZone": "(UTC+08:00) Kuala Lumpur, Singapore",
              "item/body": "<p><strong>Agenda</strong></p>\n<ul>\n  <li><span style=\"background-color: rgb(255, 255, 255)\"><strong>Introduction to Power Apps and applications showcase</strong></span></li>\n  <li><span style=\"background-color: rgb(255, 255, 255)\"><strong>Familiarizing the Power Apps Studio</strong></span></li>\n  <li><span style=\"background-color: rgb(255, 255, 255)\"><strong>How to use start from data and start from template in Power Apps</strong></span></li>\n  <li><span style=\"background-color: rgb(255, 255, 255)\"><strong>Start from scratch using SharePoint List as your Database</strong></span></li>\n  <li><span style=\"background-color: rgb(255, 255, 255)\"><strong>QnA</strong></span></li>\n</ul>\n<p><span style=\"background-color: rgb(255, 255, 255)\"><strong>Recommended Hardware<br>\nProcessor: </strong></span><span style=\"background-color: rgb(255, 255, 255)\">1.60GHZ or faster with two or more cores.</span><span style=\"background-color: rgb(255, 255, 255)\"><strong><br>\nStorage: </strong></span><span style=\"background-color: rgb(255, 255, 255)\">2 GB</span><span style=\"background-color: rgb(255, 255, 255)\"><strong><br>\nRAM: </strong></span><span style=\"background-color: rgb(255, 255, 255)\">4 GB</span><span style=\"background-color: rgb(255, 255, 255)\"><strong><br>\nGPU Acceleration<br>\n.NET Framework 4.7.2 or later<br>\nOthers<br>\nAndroid: </strong></span><span style=\"background-color: rgb(255, 255, 255)\">Version 7 or higher devices with at least 4 GB of RAM</span><span style=\"background-color: rgb(255, 255, 255)\"><strong><br>\nBrowser: </strong></span><span style=\"background-color: rgb(255, 255, 255)\">Latest version of Microsoft Edge or Google Chrome</span><span style=\"background-color: rgb(255, 255, 255)\"><strong><br>\niOS: </strong></span><span style=\"background-color: rgb(255, 255, 255)\">Version 10 or higher devices with at least 2 GB of RAM<br>\n<br>\n</span><span style=\"background-color: rgb(255, 255, 255)\"><strong>Pre-requisites<br>\n</strong></span><span style=\"background-color: rgb(255, 255, 255)\">Participants should have assigned O365 Licenses<br>\nMake sure that Power Apps and SharePoint are enabled in the user's license</span></p>",
              "item/location": "Seven Neo 35/F Training Room",
              "item/importance": "normal"
            },
            "authentication": {
              "value": "@json(decodeBase64(triggerOutputs().headers['X-MS-APIM-Tokens']))['$ConnectionKey']",
              "type": "Raw"
            }
          }
        }
      }
    },
    "templateName": null
  },
  "schemaVersion": "1.0.0.0"
}